CustomerID,Preferred_Theme
CusID_09654,0.0
CusID_09727,0.0
CusID_07391,0.0
CusID_08577,0.0
CusID_08122,0.0
CusID_06138,0.0
CusID_00114,0.0
CusID_02654,0.0
CusID_09381,0.0
CusID_01541,0.0
CusID_06607,0.0
CusID_00371,0.0
CusID_05504,0.0
CusID_00329,0.0
CusID_09169,0.0
CusID_07029,0.0
CusID_02773,0.0
CusID_02051,0.0
CusID_07077,0.0
CusID_09063,0.0
CusID_06682,0.0
CusID_01134,0.0
CusID_04232,0.0
CusID_02720,0.0
CusID_00951,0.0
CusID_07457,0.0
CusID_01655,0.0
CusID_07191,0.0
CusID_09941,0.0
CusID_03886,0.0
CusID_08264,0.0
CusID_09669,0.0
CusID_03529,0.0
CusID_04467,0.0
CusID_07165,0.0
CusID_00863,0.0
CusID_01553,0.0
CusID_08602,0.0
CusID_05056,0.0
CusID_01583,0.0
CusID_04198,0.0
CusID_00132,0.0
CusID_05794,0.0
CusID_08524,0.0
CusID_09530,0.0
CusID_03407,0.0
CusID_07442,0.0
CusID_04377,0.0
CusID_01687,0.0
CusID_09402,0.0
CusID_09648,0.0
CusID_07445,0.0
CusID_06302,0.0
CusID_03411,0.0
CusID_05941,0.0
CusID_09624,0.0
CusID_01124,0.0
CusID_02484,0.0
CusID_04723,0.0
CusID_07796,0.0
CusID_08562,0.0
CusID_01118,0.0
CusID_04707,0.0
CusID_08825,0.0
CusID_06692,0.0
CusID_04209,0.0
CusID_09841,0.0
CusID_09156,0.0
CusID_02207,0.0
CusID_08723,0.0
CusID_00706,0.0
CusID_00109,0.0
CusID_02228,0.0
CusID_05542,0.0
CusID_04585,0.0
CusID_05855,0.0
CusID_09758,0.0
CusID_06425,0.0
CusID_04557,0.0
CusID_08377,0.0
CusID_01608,0.0
CusID_01306,0.0
CusID_02306,0.0
CusID_01940,0.0
CusID_01241,0.0
CusID_07063,0.0
CusID_07804,0.0
CusID_09137,0.0
CusID_06475,0.0
CusID_00189,0.0
CusID_04423,0.0
CusID_04961,0.0
CusID_06921,0.0
CusID_02660,0.0
CusID_01681,0.0
CusID_05723,0.0
CusID_00161,0.0
CusID_06935,0.0
CusID_09630,0.0
CusID_05298,0.0
CusID_05156,0.0
CusID_07103,0.0
CusID_09123,0.0
CusID_09780,0.0
CusID_04685,0.0
CusID_07352,0.0
CusID_07302,0.0
CusID_07060,0.0
CusID_05328,0.0
CusID_06930,0.0
CusID_07304,0.0
CusID_06366,0.0
CusID_02723,0.0
CusID_09977,0.0
CusID_04211,0.0
CusID_04041,0.0
CusID_01051,0.0
CusID_00252,0.0
CusID_01424,0.0
CusID_04719,0.0
CusID_05611,0.0
CusID_08035,0.0
CusID_09803,0.0
CusID_00869,0.0
CusID_03127,0.0
CusID_07787,0.0
CusID_00417,0.0
CusID_03497,0.0
CusID_04103,0.0
CusID_02112,0.0
CusID_07271,0.0
CusID_08289,0.0
CusID_03780,0.0
CusID_02081,0.0
CusID_00466,0.0
CusID_04746,0.0
CusID_04586,0.0
CusID_07499,0.0
CusID_09467,0.0
CusID_07118,0.0
CusID_06905,0.0
CusID_07997,0.0
CusID_09142,0.0
CusID_00050,0.0
CusID_05163,0.0
CusID_05884,0.0
CusID_08349,0.0
CusID_06026,0.0
CusID_00464,0.0
CusID_04766,0.0
CusID_01303,0.0
CusID_09705,0.0
CusID_06005,0.0
CusID_03018,0.0
CusID_06861,0.0
CusID_08996,0.0
CusID_03135,0.0
CusID_06651,0.0
CusID_09217,0.0
CusID_08263,0.0
CusID_08836,0.0
CusID_05213,0.0
CusID_03473,0.0
CusID_03466,0.0
CusID_05852,0.0
CusID_03534,0.0
CusID_02691,0.0
CusID_03418,0.0
CusID_00219,0.0
CusID_02379,0.0
CusID_09129,0.0
CusID_01772,0.0
CusID_04056,0.0
CusID_08413,0.0
CusID_07138,0.0
CusID_05604,0.0
CusID_05100,0.0
CusID_01325,0.0
CusID_02836,0.0
CusID_06784,0.0
CusID_08138,0.0
CusID_05930,0.0
CusID_03376,0.0
CusID_04072,0.0
CusID_08466,0.0
CusID_02238,0.0
CusID_03797,0.0
CusID_00831,0.0
CusID_02025,0.0
CusID_08077,0.0
CusID_03361,0.0
CusID_07866,0.0
CusID_09915,0.0
CusID_09522,0.0
CusID_05784,0.0
CusID_08712,0.0
CusID_09690,0.0
CusID_02204,0.0
CusID_01485,0.0
CusID_01555,0.0
CusID_08928,0.0
CusID_01922,0.0
CusID_07393,0.0
CusID_03522,0.0
CusID_05465,0.0
CusID_01150,0.0
CusID_09309,0.0
CusID_04562,0.0
CusID_05886,0.0
CusID_08160,0.0
CusID_05501,0.0
CusID_09281,0.0
CusID_08254,0.0
CusID_03685,0.0
CusID_07821,0.0
CusID_08132,0.0
CusID_08957,0.0
CusID_06452,0.0
CusID_07422,0.0
CusID_07144,0.0
CusID_05131,0.0
CusID_04492,0.0
CusID_06922,0.0
CusID_07604,0.0
CusID_04418,0.0
CusID_08677,0.0
CusID_05579,0.0
CusID_03158,0.0
CusID_06503,0.0
CusID_08600,0.0
CusID_02032,0.0
CusID_08378,0.0
CusID_07795,0.0
CusID_07258,0.0
CusID_00510,0.0
CusID_06967,0.0
CusID_05613,0.0
CusID_03948,0.0
CusID_03761,0.0
CusID_03738,0.0
CusID_06140,0.0
CusID_01012,0.0
CusID_00004,0.0
CusID_05109,0.0
CusID_05377,0.0
CusID_07016,0.0
CusID_07887,0.0
CusID_04061,0.0
CusID_08790,0.0
CusID_00261,0.0
CusID_07305,0.0
CusID_08063,0.0
CusID_09916,0.0
CusID_00225,0.0
CusID_07627,0.0
CusID_00633,0.0
CusID_07107,0.0
CusID_03618,0.0
CusID_03698,0.0
CusID_02098,0.0
CusID_03986,0.0
CusID_00254,0.0
CusID_06153,0.0
CusID_02644,0.0
CusID_08636,0.0
CusID_06369,0.0
CusID_05627,0.0
CusID_03074,0.0
CusID_09270,0.0
CusID_01750,0.0
CusID_01565,0.0
CusID_06587,0.0
CusID_09055,0.0
CusID_00760,0.0
CusID_05028,0.0
CusID_07541,0.0
CusID_08515,0.0
CusID_05026,0.0
CusID_01087,0.0
CusID_04906,0.0
CusID_00701,0.0
CusID_09182,0.0
CusID_07873,0.0
CusID_02201,0.0
CusID_04487,0.0
CusID_01137,0.0
CusID_06278,0.0
CusID_05976,0.0
CusID_02065,0.0
CusID_00353,0.0
CusID_03949,0.0
CusID_01878,0.0
CusID_02163,0.0
CusID_00099,0.0
CusID_08519,0.0
CusID_08661,0.0
CusID_03335,0.0
CusID_01942,0.0
CusID_04025,0.0
CusID_06384,0.0
CusID_03468,0.0
CusID_08537,0.0
CusID_01019,0.0
CusID_09292,0.0
CusID_00834,0.0
CusID_06104,0.0
CusID_07534,0.0
CusID_09439,0.0
CusID_08470,0.0
CusID_06124,0.0
CusID_02009,0.0
CusID_00365,0.0
CusID_01440,0.0
CusID_01891,0.0
CusID_09415,0.0
CusID_05398,0.0
CusID_05925,0.0
CusID_03961,0.0
CusID_02521,0.0
CusID_00159,0.0
CusID_00556,0.0
CusID_05477,0.0
CusID_08947,0.0
CusID_02803,0.0
CusID_00965,0.0
CusID_09004,0.0
CusID_00376,0.0
CusID_01972,0.0
CusID_07111,0.0
CusID_03823,0.0
CusID_03503,0.0
CusID_05184,0.0
CusID_06761,0.0
CusID_06915,0.0
CusID_03367,0.0
CusID_01437,0.0
CusID_04958,0.0
CusID_08603,0.0
CusID_07898,0.0
CusID_09106,0.0
CusID_05363,0.0
CusID_03274,0.0
CusID_05889,0.0
CusID_03117,0.0
CusID_01991,0.0
CusID_07472,0.0
CusID_02028,0.0
CusID_09250,0.0
CusID_00499,0.0
CusID_05576,0.0
CusID_00136,0.0
CusID_03263,0.0
CusID_07371,0.0
CusID_01741,0.0
CusID_03705,0.0
CusID_05623,0.0
CusID_05153,0.0
CusID_01738,0.0
CusID_02934,0.0
CusID_04500,0.0
CusID_01005,0.0
CusID_06374,0.0
CusID_08195,0.0
CusID_01911,0.0
CusID_09483,0.0
CusID_04621,0.0
CusID_09038,0.0
CusID_07983,0.0
CusID_07413,0.0
CusID_00964,0.0
CusID_07356,0.0
CusID_07010,0.0
CusID_05891,0.0
CusID_08845,0.0
CusID_00934,0.0
CusID_00116,0.0
CusID_04168,0.0
CusID_07699,0.0
CusID_04170,0.0
CusID_02115,0.0
CusID_00176,0.0
CusID_00228,0.0
CusID_02327,0.0
CusID_04978,0.0
CusID_04191,0.0
CusID_08541,0.0
CusID_03493,0.0
CusID_02561,0.0
CusID_04518,0.0
CusID_00133,0.0
CusID_02404,0.0
CusID_01015,0.0
CusID_01818,0.0
CusID_09611,0.0
CusID_09071,0.0
CusID_07929,0.0
CusID_05431,0.0
CusID_09685,0.0
CusID_03927,0.0
CusID_01498,0.0
CusID_04405,0.0
CusID_09628,0.0
CusID_08708,0.0
CusID_08023,0.0
CusID_06877,0.0
CusID_03679,0.0
CusID_01183,0.0
CusID_03234,0.0
CusID_09866,0.0
CusID_09886,0.0
CusID_03370,0.0
CusID_01954,0.0
CusID_00657,0.0
CusID_04358,0.0
CusID_03287,0.0
CusID_02801,0.0
CusID_01254,0.0
CusID_02044,0.0
CusID_06963,0.0
CusID_02992,0.0
CusID_01215,0.0
CusID_01144,0.0
CusID_00017,0.0
CusID_06130,0.0
CusID_08041,0.0
CusID_00819,0.0
CusID_08255,0.0
CusID_06443,0.0
CusID_07370,0.0
CusID_02722,0.0
CusID_00180,0.0
CusID_04505,0.0
CusID_04254,0.0
CusID_07836,0.0
CusID_04099,0.0
CusID_05016,0.0
CusID_04945,0.0
CusID_06887,0.0
CusID_05286,0.0
CusID_00918,0.0
CusID_01753,0.0
CusID_05715,0.0
CusID_06764,0.0
CusID_05483,0.0
CusID_03119,0.0
CusID_05047,0.0
CusID_05811,0.0
CusID_05308,0.0
CusID_04695,0.0
CusID_08357,0.0
CusID_08110,0.0
CusID_09799,0.0
CusID_08191,0.0
CusID_07320,0.0
CusID_06997,0.0
CusID_01504,0.0
CusID_00322,0.0
CusID_01567,0.0
CusID_01746,0.0
CusID_01762,0.0
CusID_08929,0.0
CusID_04224,0.0
CusID_05820,0.0
CusID_06670,0.0
CusID_03958,0.0
CusID_06105,0.0
CusID_06923,0.0
CusID_05933,0.0
CusID_02736,0.0
CusID_05987,0.0
CusID_01551,0.0
CusID_03071,0.0
CusID_00209,0.0
CusID_03665,0.0
CusID_09235,0.0
CusID_00198,0.0
CusID_01123,0.0
CusID_05453,0.0
CusID_05637,0.0
CusID_09925,0.0
CusID_02752,0.0
CusID_02631,0.0
CusID_08304,0.0
CusID_08145,0.0
CusID_04839,0.0
CusID_00391,0.0
CusID_08555,0.0
CusID_05746,0.0
CusID_09632,0.0
CusID_03660,0.0
CusID_02579,0.0
CusID_07902,0.0
CusID_00245,0.0
CusID_04731,0.0
CusID_02742,0.0
CusID_05684,0.0
CusID_02548,0.0
CusID_00398,0.0
CusID_06086,0.0
CusID_02932,0.0
CusID_08278,0.0
CusID_05921,0.0
CusID_03917,0.0
CusID_02322,0.0
CusID_00888,0.0
CusID_04335,0.0
CusID_01899,0.0
CusID_07508,0.0
CusID_02554,0.0
CusID_03028,0.0
CusID_06730,0.0
CusID_00610,0.0
CusID_06822,0.0
CusID_08598,0.0
CusID_02264,0.0
CusID_09670,0.0
CusID_03404,0.0
CusID_07921,0.0
CusID_09418,0.0
CusID_07055,0.0
CusID_08084,0.0
CusID_04351,0.0
CusID_05445,0.0
CusID_03479,0.0
CusID_00185,0.0
CusID_09207,0.0
CusID_05670,0.0
CusID_02534,0.0
CusID_07119,0.0
CusID_07550,0.0
CusID_04554,0.0
CusID_00087,0.0
CusID_06934,0.0
CusID_02463,0.0
CusID_05763,0.0
CusID_02250,0.0
CusID_06436,0.0
CusID_06209,0.0
CusID_04182,0.0
CusID_06946,0.0
CusID_07694,0.0
CusID_05555,0.0
CusID_06751,0.0
CusID_06646,0.0
CusID_07008,0.0
CusID_06817,0.0
CusID_06617,0.0
CusID_04461,0.0
CusID_00158,0.0
CusID_03344,0.0
CusID_08295,0.0
CusID_03030,0.0
CusID_09862,0.0
CusID_06424,0.0
CusID_06805,0.0
CusID_08680,0.0
CusID_04622,0.0
CusID_03864,0.0
CusID_06349,0.0
CusID_01468,0.0
CusID_09407,0.0
CusID_07920,0.0
CusID_01315,0.0
CusID_02308,0.0
CusID_08989,0.0
CusID_03251,0.0
CusID_08777,0.0
CusID_00978,0.0
CusID_03002,0.0
CusID_05072,0.0
CusID_04604,0.0
CusID_09308,0.0
CusID_02908,0.0
CusID_03399,0.0
CusID_06994,0.0
CusID_06790,0.0
CusID_05048,0.0
CusID_07556,0.0
CusID_05828,0.0
CusID_03082,0.0
CusID_05462,0.0
CusID_07483,0.0
CusID_07946,0.0
CusID_03726,0.0
CusID_04631,0.0
CusID_01271,0.0
CusID_01730,0.0
CusID_07549,0.0
CusID_03934,0.0
CusID_08617,0.0
CusID_04062,0.0
CusID_01691,0.0
CusID_00439,0.0
CusID_07719,0.0
CusID_05720,0.0
CusID_02198,0.0
CusID_06825,0.0
CusID_07072,0.0
CusID_02407,0.0
CusID_07762,0.0
CusID_05209,0.0
CusID_07776,0.0
CusID_08755,0.0
CusID_03964,0.0
CusID_05032,0.0
CusID_01720,0.0
CusID_07828,0.0
CusID_01748,0.0
CusID_08309,0.0
CusID_08233,0.0
CusID_02970,0.0
CusID_03957,0.0
CusID_06713,0.0
CusID_02360,0.0
CusID_08359,0.0
CusID_07594,0.0
CusID_04160,0.0
CusID_08924,0.0
CusID_06810,0.0
CusID_01385,0.0
CusID_03487,0.0
CusID_07968,0.0
CusID_03538,0.0
CusID_04131,0.0
CusID_00511,0.0
CusID_02487,0.0
CusID_05975,0.0
CusID_08699,0.0
CusID_01570,0.0
CusID_02606,0.0
CusID_05283,0.0
CusID_04468,0.0
CusID_04615,0.0
CusID_07444,0.0
CusID_02656,0.0
CusID_08373,0.0
CusID_05837,0.0
CusID_06225,0.0
CusID_05234,0.0
CusID_01627,0.0
CusID_06990,0.0
CusID_05037,0.0
CusID_09504,0.0
CusID_03931,0.0
CusID_00518,0.0
CusID_00975,0.0
CusID_00635,0.0
CusID_04527,0.0
CusID_03280,0.0
CusID_03038,0.0
CusID_01119,0.0
CusID_04581,0.0
CusID_06720,0.0
CusID_04292,0.0
CusID_01514,0.0
CusID_01143,0.0
CusID_03248,0.0
CusID_09478,0.0
CusID_05468,0.0
CusID_06304,0.0
CusID_03729,0.0
CusID_05111,0.0
CusID_04374,0.0
CusID_00111,0.0
CusID_08234,0.0
CusID_09073,0.0
CusID_06691,0.0
CusID_08392,0.0
CusID_08509,0.0
CusID_03871,0.0
CusID_09919,0.0
CusID_03444,0.0
CusID_09363,0.0
CusID_05079,0.0
CusID_08047,0.0
CusID_05959,0.0
CusID_03356,0.0
CusID_03036,0.0
CusID_08369,0.0
CusID_01800,0.0
CusID_09647,0.0
CusID_06896,0.0
CusID_00312,0.0
CusID_09973,0.0
CusID_06486,0.0
CusID_05586,0.0
CusID_08323,0.0
CusID_03912,0.0
CusID_02386,0.0
CusID_04526,0.0
CusID_00183,0.0
CusID_01204,0.0
CusID_06787,0.0
CusID_01462,0.0
CusID_08595,0.0
CusID_06421,0.0
CusID_06961,0.0
CusID_05489,0.0
CusID_04639,0.0
CusID_02283,0.0
CusID_08301,0.0
CusID_08199,0.0
CusID_01761,0.0
CusID_05907,0.0
CusID_00631,0.0
CusID_02297,0.0
CusID_05141,0.0
CusID_07198,0.0
CusID_00097,0.0
CusID_05479,0.0
CusID_09173,0.0
CusID_09031,0.0
CusID_07607,0.0
CusID_01159,0.0
CusID_03354,0.0
CusID_09940,0.0
CusID_02847,0.0
CusID_08319,0.0
CusID_09029,0.0
CusID_06588,0.0
CusID_08815,0.0
CusID_06356,0.0
CusID_05360,0.0
CusID_01211,0.0
CusID_06345,0.0
CusID_02938,0.0
CusID_05384,0.0
CusID_03821,0.0
CusID_04481,0.0
CusID_09545,0.0
CusID_02700,0.0
CusID_05898,0.0
CusID_00612,0.0
CusID_07162,0.0
CusID_03812,0.0
CusID_07190,0.0
CusID_00054,0.0
CusID_06097,0.0
CusID_06294,0.0
CusID_05265,0.0
CusID_04881,0.0
CusID_08990,0.0
CusID_01127,0.0
CusID_02778,0.0
CusID_08467,0.0
CusID_06496,0.0
CusID_03307,0.0
CusID_06092,0.0
CusID_09523,0.0
CusID_09086,0.0
CusID_04219,0.0
CusID_09005,0.0
CusID_07342,0.0
CusID_09667,0.0
CusID_03697,0.0
CusID_06710,0.0
CusID_08988,0.0
CusID_06551,0.0
CusID_09882,0.0
CusID_00756,0.0
CusID_00653,0.0
CusID_05193,0.0
CusID_04922,0.0
CusID_02590,0.0
CusID_07121,0.0
CusID_04563,0.0
CusID_07427,0.0
CusID_03687,0.0
CusID_07688,0.0
CusID_00714,0.0
CusID_04337,0.0
CusID_03777,0.0
CusID_01883,0.0
CusID_08843,0.0
CusID_04736,0.0
CusID_05825,0.0
CusID_09081,0.0
CusID_04233,0.0
CusID_06909,0.0
CusID_05415,0.0
CusID_04716,0.0
CusID_03456,0.0
CusID_09717,0.0
CusID_04997,0.0
CusID_01130,0.0
CusID_07373,0.0
CusID_09334,0.0
CusID_07468,0.0
CusID_03398,0.0
CusID_03021,0.0
CusID_05273,0.0
CusID_05110,0.0
CusID_00164,0.0
CusID_08104,0.0
CusID_02123,0.0
CusID_01305,0.0
CusID_05461,0.0
CusID_00765,0.0
CusID_09322,0.0
CusID_08415,0.0
CusID_09328,0.0
CusID_02866,0.0
CusID_03111,0.0
CusID_07337,0.0
CusID_02820,0.0
CusID_08819,0.0
CusID_02655,0.0
CusID_08992,0.0
CusID_08057,0.0
CusID_07779,0.0
CusID_00440,0.0
CusID_01670,0.0
CusID_08331,0.0
CusID_02513,0.0
CusID_03648,0.0
CusID_03694,0.0
CusID_04027,0.0
CusID_01372,0.0
CusID_00844,0.0
CusID_04150,0.0
CusID_08930,0.0
CusID_02018,0.0
CusID_03851,0.0
CusID_09139,0.0
CusID_06672,0.0
CusID_08253,0.0
CusID_07781,0.0
CusID_09289,0.0
CusID_05969,0.0
CusID_00129,0.0
CusID_06180,0.0
CusID_08725,0.0
CusID_02408,0.0
CusID_01544,0.0
CusID_02209,0.0
CusID_07408,0.0
CusID_03486,0.0
CusID_04772,0.0
CusID_06219,0.0
CusID_07353,0.0
CusID_04672,0.0
CusID_03712,0.0
CusID_07374,0.0
CusID_06263,0.0
CusID_08317,0.0
CusID_08484,0.0
CusID_05086,0.0
CusID_03442,0.0
CusID_02432,0.0
CusID_01078,0.0
CusID_02138,0.0
CusID_02266,0.0
CusID_09333,0.0
CusID_07407,0.0
CusID_00066,0.0
CusID_07308,0.0
CusID_00921,0.0
CusID_01326,0.0
CusID_05899,0.0
CusID_08060,0.0
CusID_01160,0.0
CusID_08091,0.0
CusID_02401,0.0
CusID_06305,0.0
CusID_02409,0.0
CusID_08409,0.0
CusID_00338,0.0
CusID_03801,0.0
CusID_01048,0.0
CusID_08567,0.0
CusID_03240,0.0
CusID_05015,0.0
CusID_08858,0.0
CusID_07106,0.0
CusID_06619,0.0
CusID_01534,0.0
CusID_04655,0.0
CusID_06798,0.0
CusID_00931,0.0
CusID_03184,0.0
CusID_07261,0.0
CusID_04947,0.0
CusID_01890,0.0
CusID_07179,0.0
CusID_06938,0.0
CusID_02231,0.0
CusID_04154,0.0
CusID_09371,0.0
CusID_06657,0.0
CusID_01537,0.0
CusID_08770,0.0
CusID_04724,0.0
CusID_09775,0.0
CusID_08025,0.0
CusID_09761,0.0
CusID_08423,0.0
CusID_01781,0.0
CusID_09183,0.0
CusID_03035,0.0
CusID_07780,0.0
CusID_02745,0.0
CusID_06083,0.0
CusID_04166,0.0
CusID_01314,0.0
CusID_05463,0.0
CusID_08259,0.0
CusID_06291,0.0
CusID_04429,0.0
CusID_02637,0.0
CusID_07511,0.0
CusID_06439,0.0
CusID_08220,0.0
CusID_04790,0.0
CusID_04199,0.0
CusID_01227,0.0
CusID_03579,0.0
CusID_08416,0.0
CusID_01699,0.0
CusID_00872,0.0
CusID_02848,0.0
CusID_04817,0.0
CusID_01429,0.0
CusID_04470,0.0
CusID_08950,0.0
CusID_00206,0.0
CusID_01425,0.0
CusID_03717,0.0
CusID_04332,0.0
CusID_04909,0.0
CusID_02415,0.0
CusID_01220,0.0
CusID_03455,0.0
CusID_09830,0.0
CusID_09956,0.0
CusID_00422,0.0
CusID_06461,0.0
CusID_06033,0.0
CusID_09813,0.0
CusID_02212,0.0
CusID_07495,0.0
CusID_01416,0.0
CusID_03423,0.0
CusID_01807,0.0
CusID_01970,0.0
CusID_01450,0.0
CusID_09798,0.0
CusID_01307,0.0
CusID_04017,0.0
CusID_08051,0.0
CusID_07985,0.0
CusID_09585,0.0
CusID_04756,0.0
CusID_08223,0.0
CusID_04676,0.0
CusID_04312,0.0
CusID_05645,0.0
CusID_09339,0.0
CusID_04502,0.0
CusID_05598,0.0
CusID_05101,0.0
CusID_05502,0.0
CusID_02358,0.0
CusID_07774,0.0
CusID_03956,0.0
CusID_00853,0.0
CusID_04525,0.0
CusID_03846,0.0
CusID_09736,0.0
CusID_01337,0.0
CusID_04201,0.0
CusID_04060,0.0
CusID_07867,0.0
CusID_01581,0.0
CusID_00644,0.0
CusID_00246,0.0
CusID_04705,0.0
CusID_08854,0.0
CusID_04941,0.0
CusID_05632,0.0
CusID_08984,0.0
CusID_01900,0.0
CusID_08991,0.0
CusID_05353,0.0
CusID_07676,0.0
CusID_02164,0.0
CusID_02576,0.0
CusID_00769,0.0
CusID_02502,0.0
CusID_09975,0.0
CusID_08553,0.0
CusID_02735,0.0
CusID_08007,0.0
CusID_03688,0.0
CusID_02213,0.0
CusID_04297,0.0
CusID_03918,0.0
CusID_03546,0.0
CusID_06000,0.0
CusID_09769,0.0
CusID_01089,0.0
CusID_04186,0.0
CusID_02904,0.0
CusID_05373,0.0
CusID_09698,0.0
CusID_04503,0.0
CusID_05940,0.0
CusID_07230,0.0
CusID_06727,0.0
CusID_08800,0.0
CusID_02453,0.0
CusID_08386,0.0
CusID_09053,0.0
CusID_08009,0.0
CusID_08107,0.0
CusID_05267,0.0
CusID_00331,0.0
CusID_02870,0.0
CusID_04210,0.0
CusID_09683,0.0
CusID_06117,0.0
CusID_09657,0.0
CusID_03079,0.0
CusID_02217,0.0
CusID_02628,0.0
CusID_09032,0.0
CusID_00536,0.0
CusID_05160,0.0
CusID_05416,0.0
CusID_07127,0.0
CusID_09229,0.0
CusID_03588,0.0
CusID_04975,0.0
CusID_05486,0.0
CusID_08747,0.0
CusID_00860,0.0
CusID_07503,0.0
CusID_06854,0.0
CusID_05498,0.0
CusID_08513,0.0
CusID_07268,0.0
CusID_06430,0.0
CusID_00156,0.0
CusID_04334,0.0
CusID_08525,0.0
CusID_01786,0.0
CusID_06038,0.0
CusID_06976,0.0
CusID_07341,0.0
CusID_09047,0.0
CusID_04446,0.0
CusID_09164,0.0
CusID_02890,0.0
CusID_03084,0.0
CusID_04989,0.0
CusID_01133,0.0
CusID_07177,0.0
CusID_09442,0.0
CusID_09186,0.0
CusID_07116,0.0
CusID_09548,0.0
CusID_07533,0.0
CusID_04059,0.0
CusID_01390,0.0
CusID_03430,0.0
CusID_00083,0.0
CusID_02150,0.0
CusID_01268,0.0
CusID_01962,0.0
CusID_01403,0.0
CusID_01417,0.0
CusID_03115,0.0
CusID_05350,0.0
CusID_03776,0.0
CusID_05700,0.0
CusID_02045,0.0
CusID_02832,0.0
CusID_00248,0.0
CusID_09254,0.0
CusID_07492,0.0
CusID_03810,0.0
CusID_01020,0.0
CusID_03798,0.0
CusID_04329,0.0
CusID_00473,0.0
CusID_09934,0.0
CusID_02295,0.0
CusID_02815,0.0
CusID_09927,0.0
CusID_06340,0.0
CusID_08962,0.0
CusID_02249,0.0
CusID_03088,0.0
CusID_07437,0.0
CusID_04477,0.0
CusID_03953,0.0
CusID_09178,0.0
CusID_08134,0.0
CusID_08242,0.0
CusID_07964,0.0
CusID_04544,0.0
CusID_06886,0.0
CusID_07415,0.0
CusID_04145,0.0
CusID_00720,0.0
CusID_02943,0.0
CusID_03391,0.0
CusID_06623,0.0
CusID_07555,0.0
CusID_00163,0.0
CusID_02303,0.0
CusID_05557,0.0
CusID_04257,0.0
CusID_06267,0.0
CusID_00372,0.0
CusID_04849,0.0
CusID_04552,0.0
CusID_00738,0.0
CusID_04616,0.0
CusID_08885,0.0
CusID_00641,0.0
CusID_00409,0.0
CusID_02284,0.0
CusID_00141,0.0
CusID_06266,0.0
CusID_05590,0.0
CusID_02989,0.0
CusID_07476,0.0
CusID_09385,0.0
CusID_01156,0.0
CusID_08560,0.0
CusID_08609,0.0
CusID_03915,0.0
CusID_07095,0.0
CusID_09609,0.0
CusID_03587,0.0
CusID_09455,0.0
CusID_01081,0.0
CusID_00591,0.0
CusID_07971,0.0
CusID_00726,0.0
CusID_09040,0.0
CusID_08520,0.0
CusID_05532,0.0
CusID_02633,0.0
CusID_09249,0.0
CusID_04029,0.0
CusID_07637,0.0
CusID_04962,0.0
CusID_05001,0.0
CusID_07187,0.0
CusID_05704,0.0
CusID_06429,0.0
CusID_02675,0.0
CusID_04310,0.0
CusID_07433,0.0
CusID_08741,0.0
CusID_03714,0.0
CusID_09282,0.0
CusID_01350,0.0
CusID_09193,0.0
CusID_01651,0.0
CusID_09238,0.0
CusID_09682,0.0
CusID_03548,0.0
CusID_00270,0.0
CusID_04567,0.0
CusID_06499,0.0
CusID_02585,0.0
CusID_08464,0.0
CusID_07105,0.0
CusID_07517,0.0
CusID_09876,0.0
CusID_07601,0.0
CusID_04030,0.0
CusID_03850,0.0
CusID_09214,0.0
CusID_00426,0.0
CusID_00550,0.0
CusID_05603,0.0
CusID_05865,0.0
CusID_09037,0.0
CusID_00009,0.0
CusID_02724,0.0
CusID_06363,0.0
CusID_05988,0.0
CusID_06169,0.0
CusID_01008,0.0
CusID_00330,0.0
CusID_09072,0.0
CusID_09094,0.0
CusID_00190,0.0
CusID_09580,0.0
CusID_00490,0.0
CusID_03943,0.0
CusID_00423,0.0
CusID_09731,0.0
CusID_07000,0.0
CusID_03148,0.0
CusID_05666,0.0
CusID_08248,0.0
CusID_01094,0.0
CusID_05827,0.0
CusID_02804,0.0
CusID_09058,0.0
CusID_04861,0.0
CusID_09518,0.0
CusID_00106,0.0
CusID_01978,0.0
CusID_04316,0.0
CusID_03924,0.0
CusID_04456,0.0
CusID_00096,0.0
CusID_06022,0.0
CusID_00487,0.0
CusID_03174,0.0
CusID_01006,0.0
CusID_06251,0.0
CusID_05863,0.0
CusID_04427,0.0
CusID_02130,0.0
CusID_05440,0.0
CusID_06630,0.0
CusID_09583,0.0
CusID_04981,0.0
CusID_00630,0.0
CusID_00341,0.0
CusID_06597,0.0
CusID_02994,0.0
CusID_04207,0.0
CusID_02947,0.0
CusID_03380,0.0
CusID_01977,0.0
CusID_02430,0.0
CusID_06706,0.0
CusID_03676,0.0
CusID_04761,0.0
CusID_07797,0.0
CusID_00567,0.0
CusID_04896,0.0
CusID_00573,0.0
CusID_06352,0.0
CusID_05566,0.0
CusID_06274,0.0
CusID_00786,0.0
CusID_09694,0.0
CusID_04122,0.0
CusID_03270,0.0
CusID_09826,0.0
CusID_05038,0.0
CusID_04032,0.0
CusID_02224,0.0
CusID_00442,0.0
CusID_00545,0.0
CusID_03226,0.0
CusID_01833,0.0
CusID_03572,0.0
CusID_04475,0.0
CusID_01071,0.0
CusID_08307,0.0
CusID_08387,0.0
CusID_03097,0.0
CusID_09877,0.0
CusID_09722,0.0
CusID_02620,0.0
CusID_01055,0.0
CusID_02241,0.0
CusID_04690,0.0
CusID_05323,0.0
CusID_09911,0.0
CusID_04729,0.0
CusID_02236,0.0
CusID_03244,0.0
CusID_03408,0.0
CusID_07939,0.0
CusID_05092,0.0
CusID_09067,0.0
CusID_04355,0.0
CusID_05439,0.0
CusID_00747,0.0
CusID_00972,0.0
CusID_06765,0.0
CusID_00553,0.0
CusID_07254,0.0
CusID_00603,0.0
CusID_08678,0.0
CusID_04964,0.0
CusID_05840,0.0
CusID_08639,0.0
CusID_00403,0.0
CusID_03875,0.0
CusID_09954,0.0
CusID_06585,0.0
CusID_08010,0.0
CusID_06739,0.0
CusID_09279,0.0
CusID_00452,0.0
CusID_04388,0.0
CusID_04858,0.0
CusID_07910,0.0
CusID_03835,0.0
CusID_09197,0.0
CusID_07815,0.0
CusID_03983,0.0
CusID_07786,0.0
CusID_07210,0.0
CusID_09346,0.0
CusID_00006,0.0
CusID_03547,0.0
CusID_09209,0.0
CusID_08174,0.0
CusID_07844,0.0
CusID_01206,0.0
CusID_07490,0.0
CusID_09370,0.0
CusID_01192,0.0
CusID_01169,0.0
CusID_09952,0.0
CusID_08167,0.0
CusID_04960,0.0
CusID_02743,0.0
CusID_00570,0.0
CusID_08615,0.0
CusID_00707,0.0
CusID_09497,0.0
CusID_08353,0.0
CusID_06119,0.0
CusID_04391,0.0
CusID_07446,0.0
CusID_09391,0.0
CusID_06716,0.0
CusID_09708,0.0
CusID_02833,0.0
CusID_01077,0.0
CusID_02183,0.0
CusID_05217,0.0
CusID_06158,0.0
CusID_02239,0.0
CusID_01562,0.0
CusID_00928,0.0
CusID_08014,0.0
CusID_06553,0.0
CusID_03539,0.0
CusID_07799,0.0
CusID_00424,0.0
CusID_02553,0.0
CusID_09304,0.0
CusID_00636,0.0
CusID_06680,0.0
CusID_08961,0.0
CusID_03500,0.0
CusID_02066,0.0
CusID_04714,0.0
CusID_05469,0.0
CusID_05272,0.0
CusID_02454,0.0
CusID_09875,0.0
CusID_04403,0.0
CusID_07479,0.0
CusID_02839,0.0
CusID_09984,0.0
CusID_02288,0.0
CusID_08666,0.0
CusID_07431,0.0
CusID_05651,0.0
CusID_09171,0.0
CusID_00588,0.0
CusID_07061,0.0
CusID_09521,0.0
CusID_03029,0.0
CusID_07908,0.0
CusID_04493,0.0
CusID_02464,0.0
CusID_01989,0.0
CusID_08031,0.0
CusID_06842,0.0
CusID_01447,0.0
CusID_01145,0.0
CusID_04583,0.0
CusID_06813,0.0
CusID_06019,0.0
CusID_02090,0.0
CusID_07570,0.0
CusID_05663,0.0
CusID_02909,0.0
CusID_01099,0.0
CusID_03644,0.0
CusID_09899,0.0
CusID_04929,0.0
CusID_01484,0.0
CusID_04795,0.0
CusID_07021,0.0
CusID_05546,0.0
CusID_05505,0.0
CusID_05014,0.0
CusID_07298,0.0
CusID_09168,0.0
CusID_02789,0.0
CusID_07895,0.0
CusID_08203,0.0
CusID_02543,0.0
CusID_03310,0.0
CusID_06753,0.0
CusID_05776,0.0
CusID_02837,0.0
CusID_08523,0.0
CusID_01685,0.0
CusID_07959,0.0
CusID_05511,0.0
CusID_05008,0.0
CusID_03684,0.0
CusID_05071,0.0
CusID_01210,0.0
CusID_03339,0.0
CusID_00480,0.0
CusID_00549,0.0
CusID_06132,0.0
CusID_05515,0.0
CusID_02188,0.0
CusID_01266,0.0
CusID_05669,0.0
CusID_05402,0.0
CusID_02272,0.0
CusID_08451,0.0
CusID_00998,0.0
CusID_02765,0.0
CusID_00214,0.0
CusID_07004,0.0
CusID_09460,0.0
CusID_04619,0.0
CusID_00441,0.0
CusID_08713,0.0
CusID_08179,0.0
CusID_08083,0.0
CusID_00386,0.0
CusID_00891,0.0
CusID_04733,0.0
CusID_04521,0.0
CusID_00623,0.0
CusID_00728,0.0
CusID_07174,0.0
CusID_04381,0.0
CusID_09161,0.0
CusID_04482,0.0
CusID_08441,0.0
CusID_06808,0.0
CusID_05099,0.0
CusID_03414,0.0
CusID_06515,0.0
CusID_03401,0.0
CusID_02478,0.0
CusID_01661,0.0
CusID_08026,0.0
CusID_03426,0.0
CusID_09570,0.0
CusID_03768,0.0
CusID_04371,0.0
CusID_07764,0.0
CusID_09025,0.0
CusID_06084,0.0
CusID_07135,0.0
CusID_04602,0.0
CusID_01515,0.0
CusID_00014,0.0
CusID_01377,0.0
CusID_01546,0.0
CusID_00916,0.0
CusID_09022,0.0
CusID_04101,0.0
CusID_03165,0.0
CusID_01958,0.0
CusID_08502,0.0
CusID_01380,0.0
CusID_02019,0.0
CusID_00548,0.0
CusID_09361,0.0
CusID_08129,0.0
CusID_07606,0.0
CusID_03962,0.0
CusID_00378,0.0
CusID_06613,0.0
CusID_00060,0.0
CusID_08224,0.0
CusID_02229,0.0
CusID_05437,0.0
CusID_06624,0.0
CusID_06125,0.0
CusID_07721,0.0
CusID_00606,0.0
CusID_09107,0.0
CusID_02896,0.0
CusID_08483,0.0
CusID_02520,0.0
CusID_08086,0.0
CusID_09640,0.0
CusID_06712,0.0
CusID_01982,0.0
CusID_01975,0.0
CusID_08501,0.0
CusID_04628,0.0
CusID_06541,0.0
CusID_04300,0.0
CusID_06249,0.0
CusID_09601,0.0
CusID_06699,0.0
CusID_05815,0.0
CusID_09960,0.0
CusID_06749,0.0
CusID_00416,0.0
CusID_07740,0.0
CusID_00042,0.0
CusID_09734,0.0
CusID_03476,0.0
CusID_06535,0.0
CusID_04176,0.0
CusID_00684,0.0
CusID_08910,0.0
CusID_06299,0.0
CusID_02007,0.0
CusID_04158,0.0
CusID_06145,0.0
CusID_01963,0.0
CusID_00945,0.0
CusID_04568,0.0
CusID_05894,0.0
CusID_01557,0.0
CusID_02571,0.0
CusID_09589,0.0
CusID_00626,0.0
CusID_00481,0.0
CusID_08547,0.0
CusID_01835,0.0
CusID_06001,0.0
CusID_06275,0.0
CusID_07176,0.0
CusID_02041,0.0
CusID_06113,0.0
CusID_04275,0.0
CusID_08619,0.0
CusID_08125,0.0
CusID_09874,0.0
CusID_04026,0.0
CusID_07855,0.0
CusID_04977,0.0
CusID_01871,0.0
CusID_01374,0.0
CusID_03545,0.0
CusID_09946,0.0
CusID_02457,0.0
CusID_01684,0.0
CusID_01860,0.0
CusID_07212,0.0
CusID_03621,0.0
CusID_08838,0.0
CusID_01805,0.0
CusID_05233,0.0
CusID_02363,0.0
CusID_01402,0.0
CusID_09932,0.0
CusID_06450,0.0
CusID_07026,0.0
CusID_09351,0.0
CusID_00220,0.0
CusID_05583,0.0
CusID_05247,0.0
CusID_08410,0.0
CusID_05179,0.0
CusID_03290,0.0
CusID_03413,0.0
CusID_08351,0.0
CusID_05123,0.0
CusID_08131,0.0
CusID_07064,0.0
CusID_07053,0.0
CusID_00727,0.0
CusID_01246,0.0
CusID_01882,0.0
CusID_00648,0.0
CusID_04998,0.0
CusID_00528,0.0
CusID_08235,0.0
CusID_09846,0.0
CusID_08893,0.0
CusID_06357,0.0
CusID_07851,0.0
CusID_01233,0.0
CusID_05180,0.0
CusID_00091,0.0
CusID_00501,0.0
CusID_03065,0.0
CusID_09592,0.0
CusID_04902,0.0
CusID_02607,0.0
CusID_06453,0.0
CusID_01056,0.0
CusID_00095,0.0
CusID_01861,0.0
CusID_08569,0.0
CusID_04483,0.0
CusID_02247,0.0
CusID_02888,0.0
CusID_08316,0.0
CusID_05447,0.0
CusID_00281,0.0
CusID_07755,0.0
CusID_03992,0.0
CusID_01242,0.0
CusID_02514,0.0
CusID_01719,0.0
CusID_06260,0.0
CusID_06247,0.0
CusID_08599,0.0
CusID_01825,0.0
CusID_01703,0.0
CusID_09140,0.0
CusID_07960,0.0
CusID_04479,0.0
CusID_07263,0.0
CusID_02593,0.0
CusID_03935,0.0
CusID_00309,0.0
CusID_06654,0.0
CusID_07253,0.0
CusID_04754,0.0
CusID_05662,0.0
CusID_05877,0.0
CusID_08522,0.0
CusID_08611,0.0
CusID_00144,0.0
CusID_01668,0.0
CusID_07720,0.0
CusID_08274,0.0
CusID_08420,0.0
CusID_00766,0.0
CusID_05698,0.0
CusID_09590,0.0
CusID_08300,0.0
CusID_05596,0.0
CusID_04762,0.0
CusID_04973,0.0
CusID_04748,0.0
CusID_00519,0.0
CusID_05299,0.0
CusID_06007,0.0
CusID_06954,0.0
CusID_07635,0.0
CusID_09859,0.0
CusID_05017,0.0
CusID_04812,0.0
CusID_04612,0.0
CusID_03728,0.0
CusID_04272,0.0
CusID_07777,0.0
CusID_07384,0.0
CusID_02744,0.0
CusID_07901,0.0
CusID_01146,0.0
CusID_04569,0.0
CusID_09135,0.0
CusID_09050,0.0
CusID_01895,0.0
CusID_05274,0.0
CusID_00174,0.0
CusID_02948,0.0
CusID_06400,0.0
CusID_09595,0.0
CusID_05506,0.0
CusID_09516,0.0
CusID_05580,0.0
CusID_06799,0.0
CusID_03988,0.0
CusID_00774,0.0
CusID_07220,0.0
CusID_09623,0.0
CusID_03976,0.0
CusID_04366,0.0
CusID_05795,0.0
CusID_02821,0.0
CusID_08156,0.0
CusID_07361,0.0
CusID_04079,0.0
CusID_00683,0.0
CusID_04845,0.0
CusID_00196,0.0
CusID_06050,0.0
CusID_04656,0.0
CusID_03887,0.0
CusID_06850,0.0
CusID_04938,0.0
CusID_00925,0.0
CusID_08029,0.0
CusID_06925,0.0
CusID_05783,0.0
CusID_00585,0.0
CusID_03394,0.0
CusID_09990,0.0
CusID_00969,0.0
CusID_09885,0.0
CusID_00624,0.0
CusID_03972,0.0
CusID_01894,0.0
CusID_06869,0.0
CusID_03982,0.0
CusID_08675,0.0
CusID_01778,0.0
CusID_05070,0.0
CusID_09020,0.0
CusID_07656,0.0
CusID_06096,0.0
CusID_06270,0.0
CusID_02385,0.0
CusID_05749,0.0
CusID_06552,0.0
CusID_08540,0.0
CusID_03402,0.0
CusID_03703,0.0
CusID_09662,0.0
CusID_00782,0.0
CusID_08791,0.0
CusID_09944,0.0
CusID_01043,0.0
CusID_07785,0.0
CusID_03055,0.0
CusID_08769,0.0
CusID_08702,0.0
CusID_05735,0.0
CusID_05337,0.0
CusID_03996,0.0
CusID_05602,0.0
CusID_06224,0.0
CusID_01355,0.0
CusID_01231,0.0
CusID_00843,0.0
CusID_05714,0.0
CusID_08313,0.0
CusID_08510,0.0
CusID_01550,0.0
CusID_08587,0.0
CusID_02577,0.0
CusID_04592,0.0
CusID_07745,0.0
CusID_07136,0.0
CusID_05919,0.0
CusID_00239,0.0
CusID_09170,0.0
CusID_00204,0.0
CusID_09093,0.0
CusID_08566,0.0
CusID_05183,0.0
CusID_04298,0.0
CusID_04049,0.0
CusID_08455,0.0
CusID_08649,0.0
CusID_03409,0.0
CusID_03008,0.0
CusID_03615,0.0
CusID_06743,0.0
CusID_04196,0.0
CusID_00785,0.0
CusID_03782,0.0
CusID_00107,0.0
CusID_04624,0.0
CusID_00314,0.0
CusID_05535,0.0
CusID_01718,0.0
CusID_05045,0.0
CusID_05575,0.0
CusID_02177,0.0
CusID_09417,0.0
CusID_09496,0.0
CusID_08126,0.0
CusID_09524,0.0
CusID_02911,0.0
CusID_04987,0.0
CusID_09474,0.0
CusID_04449,0.0
CusID_03208,0.0
CusID_05657,0.0
CusID_00500,0.0
CusID_06017,0.0
CusID_04223,0.0
CusID_02684,0.0
CusID_07294,0.0
CusID_00997,0.0
CusID_01540,0.0
CusID_08407,0.0
CusID_04222,0.0
CusID_06137,0.0
CusID_07673,0.0
CusID_01107,0.0
CusID_07879,0.0
CusID_06089,0.0
CusID_01362,0.0
CusID_08754,0.0
CusID_06330,0.0
CusID_00127,0.0
CusID_05284,0.0
CusID_01688,0.0
CusID_05430,0.0
CusID_06287,0.0
CusID_02912,0.0
CusID_00489,0.0
CusID_07172,0.0
CusID_03932,0.0
CusID_05121,0.0
CusID_05640,0.0
CusID_06256,0.0
CusID_06418,0.0
CusID_06621,0.0
CusID_00532,0.0
CusID_02174,0.0
CusID_08788,0.0
CusID_03083,0.0
CusID_00037,0.0
CusID_03641,0.0
CusID_02767,0.0
CusID_05219,0.0
CusID_04294,0.0
CusID_00854,0.0
CusID_06341,0.0
CusID_08178,0.0
CusID_00806,0.0
CusID_07375,0.0
CusID_07366,0.0
CusID_07648,0.0
CusID_00846,0.0
CusID_04216,0.0
CusID_09134,0.0
CusID_07715,0.0
CusID_08974,0.0
CusID_06614,0.0
CusID_04262,0.0
CusID_00323,0.0
CusID_04173,0.0
CusID_08443,0.0
CusID_09423,0.0
CusID_04924,0.0
CusID_02813,0.0
CusID_02237,0.0
CusID_02411,0.0
CusID_00884,0.0
CusID_04834,0.0
CusID_06283,0.0
CusID_02880,0.0
CusID_04627,0.0
CusID_06215,0.0
CusID_02254,0.0
CusID_00977,0.0
CusID_00148,0.0
CusID_04876,0.0
CusID_05091,0.0
